problems,artist,artist_normalized,title,date,medium,dimensions,categories,file_name,file_url,description_url
taken with camera,Theodor Kittelsen,theodorkittelsen,Forest Troll,1906,gouache and graphite   and  black crayon on paper,36.3 × 28.1 cm (14.3 × 11.1 in),Paintings by Theodor Kittelsen in the Nasjonalgalleriet~Norwegian fairy tales~1906 paintings in Norway~Trolls in art~Troll paintings in Norway~Gouache paintings in Norway~Crayon drawings~Crayon drawings in Norway~Colored pencil drawings~Pencil drawings in Norway~Gouache paintings,images/ theodorkittelsen_00000001.jpeg,http://upload.wikimedia.org/wikipedia/commons/c/cb/Theodor_Kittelsen_-_Waldtroll_-_1906.jpeg,http://commons.wikimedia.org/wiki/File:Theodor_Kittelsen_-_Waldtroll_-_1906.jpeg
taken with camera,Theodor Kittelsen,theodorkittelsen,Forest Troll,1906,gouache and graphite   and  black crayon on paper,36.3 × 28.1 cm (14.3 × 11.1 in),Paintings by Theodor Kittelsen in the Nasjonalgalleriet~Norwegian fairy tales~1906 paintings in Norway~Trolls in art~Troll paintings in Norway~Gouache paintings in Norway~Crayon drawings~Crayon drawings in Norway~Colored pencil drawings~Pencil drawings in Norway~Gouache paintings,images/ theodorkittelsen_00000002.jpeg,http://upload.wikimedia.org/wikipedia/commons/c/cb/Theodor_Kittelsen_-_Waldtroll_-_1906.jpeg,http://commons.wikimedia.org/wiki/File:Theodor_Kittelsen_-_Waldtroll_-_1906.jpeg
,Mihály Zichy,mihalyzichy, English: Military group,1881, English: watercolor and gouache over pencil laid on canvas,85 × 65 cm (33.5 × 25.6 in),Drawings by Mihály Zichy~Russian works by Mihály Zichy~1881 paintings~Chokha in art~History of the Caucasus~Georgia in art~Fur hats in art~Chokha with fur hat in art~People of the Caucasus with chokha,images/ mihalyzichy_00000003.jpg,http://upload.wikimedia.org/wikipedia/commons/1/17/Mih%C3%A1ly_von_Zichy._Military_group._watercolor_and_gouache_over_pencil_laid_on_canvas._1881._65_x_85_cm.jpg,http://commons.wikimedia.org/wiki/File:Mih%C3%A1ly_von_Zichy._Military_group._watercolor_and_gouache_over_pencil_laid_on_canvas._1881._65_x_85_cm.jpg
,Mihály Zichy,mihalyzichy, English: Military group,1881, English: watercolor and gouache over pencil laid on canvas,85 × 65 cm (33.5 × 25.6 in),Drawings by Mihály Zichy~Russian works by Mihály Zichy~1881 paintings~Chokha in art~History of the Caucasus~Georgia in art~Fur hats in art~Chokha with fur hat in art~People of the Caucasus with chokha,images/ mihalyzichy_00000004.jpg,http://upload.wikimedia.org/wikipedia/commons/1/17/Mih%C3%A1ly_von_Zichy._Military_group._watercolor_and_gouache_over_pencil_laid_on_canvas._1881._65_x_85_cm.jpg,http://commons.wikimedia.org/wiki/File:Mih%C3%A1ly_von_Zichy._Military_group._watercolor_and_gouache_over_pencil_laid_on_canvas._1881._65_x_85_cm.jpg
,Eugene de Blaas,eugeneblaas,Portrait of a Woman,before 1931,"pencil, gouache, watercolor",29.9 × 36.2 cm (11.8 × 14.3 in),"Eugen von Blaas~20th-century paintings in private collections~Earrings in art~Females with coral necklaces in art~Gouache portraits of women~Portrait paintings of women at bust length~Watercolor portraits of women~White clothing in art, female~Women looking left in art",images/ eugeneblaas_00000005.jpg,http://upload.wikimedia.org/wikipedia/commons/6/6b/Blaas_Eugene_de_Portrait_of_a_Lady_Pencil_Watercolor_Gouache.jpg,http://commons.wikimedia.org/wiki/File:Blaas_Eugene_de_Portrait_of_a_Lady_Pencil_Watercolor_Gouache.jpg
,Eugene de Blaas,eugeneblaas,Portrait of a Woman,before 1931,"pencil, gouache, watercolor",29.9 × 36.2 cm (11.8 × 14.3 in),"Eugen von Blaas~20th-century paintings in private collections~Earrings in art~Females with coral necklaces in art~Gouache portraits of women~Portrait paintings of women at bust length~Watercolor portraits of women~White clothing in art, female~Women looking left in art",images/ eugeneblaas_00000006.jpg,http://upload.wikimedia.org/wikipedia/commons/6/6b/Blaas_Eugene_de_Portrait_of_a_Lady_Pencil_Watercolor_Gouache.jpg,http://commons.wikimedia.org/wiki/File:Blaas_Eugene_de_Portrait_of_a_Lady_Pencil_Watercolor_Gouache.jpg
,Vincent van Gogh,vincentgogh,Boats on the Beach of Saintes-Maries,1888,Oil on canvas,40.4 x 55.5 cm,Watercolor paintings in the Hermitage~Paintings by Vincent van Gogh in the Hermitage~Fishing Boats on the Beach at Saintes-Maries (watercolor)~Bernhard Koehler,images/ vincentgogh_00000007.jpg,http://upload.wikimedia.org/wikipedia/commons/5/5f/Vincent_van_Gogh_-_Boats_at_Saintes-Marie_watercolour.jpg,http://commons.wikimedia.org/wiki/File:Vincent_van_Gogh_-_Boats_at_Saintes-Marie_watercolour.jpg
,Vincent van Gogh,vincentgogh,Boats on the Beach of Saintes-Maries,1888,Oil on canvas,40.4 x 55.5 cm,Watercolor paintings in the Hermitage~Paintings by Vincent van Gogh in the Hermitage~Fishing Boats on the Beach at Saintes-Maries (watercolor)~Bernhard Koehler,images/ vincentgogh_00000008.jpg,http://upload.wikimedia.org/wikipedia/commons/5/5f/Vincent_van_Gogh_-_Boats_at_Saintes-Marie_watercolour.jpg,http://commons.wikimedia.org/wiki/File:Vincent_van_Gogh_-_Boats_at_Saintes-Marie_watercolour.jpg
,Vincent van Gogh,vincentgogh,The Blue Cart / Harvest at La Crau,"Arles, June 1888","graphite and black chalk, oil (pastel?), brown Indian ink, watercolor and gouache on paper",39.4 × 52.3 cm (15.5 × 20.6 in),"Paintings by Vincent van Gogh in the Fogg Art Museum~1888 paintings by Vincent van Gogh~Drawings by Vincent van Gogh~Harvest at La Crau, with Montmajour in the background~Landscape paintings by Vincent Van Gogh, Arles 1888~Van Gogh Watercolor Arles 1888-89",images/ vincentgogh_00000009.jpg,http://upload.wikimedia.org/wikipedia/commons/8/8b/Vincent_van_Gogh_-_La_charrette_bleue_%28Fogg_Art_Museum%29.jpg,http://commons.wikimedia.org/wiki/File:Vincent_van_Gogh_-_La_charrette_bleue_(Fogg_Art_Museum).jpg
,Vincent van Gogh,vincentgogh,The Blue Cart / Harvest at La Crau,"Arles, June 1888","graphite and black chalk, oil (pastel?), brown Indian ink, watercolor and gouache on paper",39.4 × 52.3 cm (15.5 × 20.6 in),"Paintings by Vincent van Gogh in the Fogg Art Museum~1888 paintings by Vincent van Gogh~Drawings by Vincent van Gogh~Harvest at La Crau, with Montmajour in the background~Landscape paintings by Vincent Van Gogh, Arles 1888~Van Gogh Watercolor Arles 1888-89",images/ vincentgogh_00000010.jpg,http://upload.wikimedia.org/wikipedia/commons/8/8b/Vincent_van_Gogh_-_La_charrette_bleue_%28Fogg_Art_Museum%29.jpg,http://commons.wikimedia.org/wiki/File:Vincent_van_Gogh_-_La_charrette_bleue_(Fogg_Art_Museum).jpg
taken with camera,Vincent van Gogh,vincentgogh,"The Blue Cart / Harvest at La Crau / Harvest in Provence, at the Left Montmajour","Arles, June 1888","graphite and black chalk, oil (pastel?), brown Indian ink, watercolor and gouache on paper",39.4 × 52.3 cm (15.5 × 20.6 in),"1888 paintings by Vincent van Gogh~Drawings by Vincent van Gogh~Harvest at La Crau, with Montmajour in the background~Landscape paintings by Vincent Van Gogh, Arles 1888~Van Gogh Watercolor Arles 1888-89",images/ vincentgogh_00000011.jpeg,http://upload.wikimedia.org/wikipedia/commons/2/2d/Van_Gogh_-_Ernte_in_der_Provence.jpeg,http://commons.wikimedia.org/wiki/File:Van_Gogh_-_Ernte_in_der_Provence.jpeg
taken with camera,Vincent van Gogh,vincentgogh,"The Blue Cart / Harvest at La Crau / Harvest in Provence, at the Left Montmajour","Arles, June 1888","graphite and black chalk, oil (pastel?), brown Indian ink, watercolor and gouache on paper",39.4 × 52.3 cm (15.5 × 20.6 in),"1888 paintings by Vincent van Gogh~Drawings by Vincent van Gogh~Harvest at La Crau, with Montmajour in the background~Landscape paintings by Vincent Van Gogh, Arles 1888~Van Gogh Watercolor Arles 1888-89",images/ vincentgogh_00000012.jpeg,http://upload.wikimedia.org/wikipedia/commons/2/2d/Van_Gogh_-_Ernte_in_der_Provence.jpeg,http://commons.wikimedia.org/wiki/File:Van_Gogh_-_Ernte_in_der_Provence.jpeg
,Vincent van Gogh,vincentgogh,Sorrow,circa 10 April 1882,"black chalk (n.b. New Art Gallery Walsall page incorrectly says ""pencil, ink"".).",44.5 × 27 cm (17.5 × 10.6 in),"Drawings by Vincent van Gogh~Garman Ryan version of Vincent van Gogh's ""Sorrow""~Garman Ryan Collection~Chalk drawings",images/ vincentgogh_00000013.jpg,http://upload.wikimedia.org/wikipedia/commons/5/5a/Vincent_van_Gogh_-_Sorrow.jpg,http://commons.wikimedia.org/wiki/File:Vincent_van_Gogh_-_Sorrow.jpg
,Vincent van Gogh,vincentgogh,Sorrow,circa 10 April 1882,"black chalk (n.b. New Art Gallery Walsall page incorrectly says ""pencil, ink"".).",44.5 × 27 cm (17.5 × 10.6 in),"Drawings by Vincent van Gogh~Garman Ryan version of Vincent van Gogh's ""Sorrow""~Garman Ryan Collection~Chalk drawings",images/ vincentgogh_00000014.jpg,http://upload.wikimedia.org/wikipedia/commons/5/5a/Vincent_van_Gogh_-_Sorrow.jpg,http://commons.wikimedia.org/wiki/File:Vincent_van_Gogh_-_Sorrow.jpg
,Joseph-Siffrein Duplessis,josephsiffreinduplessis,Portrait of Benjamin Franklin,1778,oil on canvas,28 × 22.5 in (71.1 × 57.2 cm),"Joseph Duplessis~18th-century portrait paintings in the National Portrait Gallery, London~Paintings of Benjamin Franklin~1770s oil on canvas paintings in the United Kingdom~1778 oil on canvas paintings~1778 portrait paintings~18th-century oil portraits of men at bust length~18th-century oil portraits of sitting men at half length~Grey clothing in art, male",images/ josephsiffreinduplessis_00000015.jpg,http://upload.wikimedia.org/wikipedia/commons/2/27/Benjamin_Franklin_by_Joseph_Siffrein_Duplessis.jpg,http://commons.wikimedia.org/wiki/File:Benjamin_Franklin_by_Joseph_Siffrein_Duplessis.jpg
,Joseph-Siffrein Duplessis,josephsiffreinduplessis,Portrait of Benjamin Franklin,1778,oil on canvas,28 × 22.5 in (71.1 × 57.2 cm),"Joseph Duplessis~18th-century portrait paintings in the National Portrait Gallery, London~Paintings of Benjamin Franklin~1770s oil on canvas paintings in the United Kingdom~1778 oil on canvas paintings~1778 portrait paintings~18th-century oil portraits of men at bust length~18th-century oil portraits of sitting men at half length~Grey clothing in art, male",images/ josephsiffreinduplessis_00000016.jpg,http://upload.wikimedia.org/wikipedia/commons/2/27/Benjamin_Franklin_by_Joseph_Siffrein_Duplessis.jpg,http://commons.wikimedia.org/wiki/File:Benjamin_Franklin_by_Joseph_Siffrein_Duplessis.jpg
,Arthur Bowen Davies,arthurdavies,Cherubian Children,circa 1900, English: Pastel applied both wet and dry over black watercolor with touches of crayon or colored pencil,30.5 × 23 cm (12 × 9.1 in),Arthur B. Davies~Watercolor paintings of children~Watercolor paintings in the Brooklyn Museum~Pastel drawings~Children in art,images/ arthurdavies_00000017.jpg,http://upload.wikimedia.org/wikipedia/commons/b/b2/Brooklyn_Museum_-_Cherubian_Children_-_Arthur_B._Davies_-_overall.jpg,http://commons.wikimedia.org/wiki/File:Brooklyn_Museum_-_Cherubian_Children_-_Arthur_B._Davies_-_overall.jpg
,Arthur Bowen Davies,arthurdavies,Cherubian Children,circa 1900, English: Pastel applied both wet and dry over black watercolor with touches of crayon or colored pencil,30.5 × 23 cm (12 × 9.1 in),Arthur B. Davies~Watercolor paintings of children~Watercolor paintings in the Brooklyn Museum~Pastel drawings~Children in art,images/ arthurdavies_00000018.jpg,http://upload.wikimedia.org/wikipedia/commons/b/b2/Brooklyn_Museum_-_Cherubian_Children_-_Arthur_B._Davies_-_overall.jpg,http://commons.wikimedia.org/wiki/File:Brooklyn_Museum_-_Cherubian_Children_-_Arthur_B._Davies_-_overall.jpg
,Winslow Homer,winslowhomer,The Gulf Stream,"probably 1899, dated by the artist ""1889""","Transparent watercolor, with touches of opaque watercolor and traces of blotting, over graphite, on moderately thick, moderately textured, ivory wove paper (lower edge trimmed)",28.8 × 50.9 cm (11.3 × 20 in),Watercolor paintings by Winslow Homer~Paintings by Winslow Homer in the Art Institute of Chicago~1890s paintings by Winslow Homer~Paintings of ships in distress~Sharks in art,images/ winslowhomer_00000019.jpg,http://upload.wikimedia.org/wikipedia/commons/8/83/Winslow_Homer_-_The_Gulf_Stream_%28watercolour%29.jpg,http://commons.wikimedia.org/wiki/File:Winslow_Homer_-_The_Gulf_Stream_(watercolour).jpg
,Winslow Homer,winslowhomer,The Gulf Stream,"probably 1899, dated by the artist ""1889""","Transparent watercolor, with touches of opaque watercolor and traces of blotting, over graphite, on moderately thick, moderately textured, ivory wove paper (lower edge trimmed)",28.8 × 50.9 cm (11.3 × 20 in),Watercolor paintings by Winslow Homer~Paintings by Winslow Homer in the Art Institute of Chicago~1890s paintings by Winslow Homer~Paintings of ships in distress~Sharks in art,images/ winslowhomer_00000020.jpg,http://upload.wikimedia.org/wikipedia/commons/8/83/Winslow_Homer_-_The_Gulf_Stream_%28watercolour%29.jpg,http://commons.wikimedia.org/wiki/File:Winslow_Homer_-_The_Gulf_Stream_(watercolour).jpg
,Eugène Delacroix,eugenedelacroix, English: Bouquet of Flowers,between 1849 and 1850,"Watercolour, gouache and pastel on paper",Height:  650 mm (25.59 in). Width:  654 mm (25.75 in).,Paintings by Eugène Delacroix~French paintings in the Louvre~1840s paintings in the Louvre~1840s still-life paintings~Watercolor paintings~Gouache paintings~19th-century still life paintings of flowers,images/ eugenedelacroix_00000021.jpg,http://upload.wikimedia.org/wikipedia/commons/9/9b/Eug%C3%A8ne_Delacroix_-_Bouquet_of_Flowers_-_WGA06241.jpg,http://commons.wikimedia.org/wiki/File:Eug%C3%A8ne_Delacroix_-_Bouquet_of_Flowers_-_WGA06241.jpg
,Eugène Delacroix,eugenedelacroix, English: Bouquet of Flowers,between 1849 and 1850,"Watercolour, gouache and pastel on paper",Height:  650 mm (25.59 in). Width:  654 mm (25.75 in).,Paintings by Eugène Delacroix~French paintings in the Louvre~1840s paintings in the Louvre~1840s still-life paintings~Watercolor paintings~Gouache paintings~19th-century still life paintings of flowers,images/ eugenedelacroix_00000022.jpg,http://upload.wikimedia.org/wikipedia/commons/9/9b/Eug%C3%A8ne_Delacroix_-_Bouquet_of_Flowers_-_WGA06241.jpg,http://commons.wikimedia.org/wiki/File:Eug%C3%A8ne_Delacroix_-_Bouquet_of_Flowers_-_WGA06241.jpg
,Winslow Homer,winslowhomer,On the Fence,1878,"watercolor, gouache and graphite on wove paper",24.77 × 34.93 cm (9.8 × 13.8 in),Watercolor paintings by Winslow Homer~1870s paintings by Winslow Homer~Paintings by Winslow Homer in the National Gallery of Art~1878 paintings in the United States~Gouache paintings~1878 watercolor paintings~Watercolor paintings of children~19th-century childhood in painting,images/ winslowhomer_00000023.jpg,http://upload.wikimedia.org/wikipedia/commons/3/33/Winslow_Homer_-_On_the_Fence_%281878%29.jpg,http://commons.wikimedia.org/wiki/File:Winslow_Homer_-_On_the_Fence_(1878).jpg
,Winslow Homer,winslowhomer,On the Fence,1878,"watercolor, gouache and graphite on wove paper",24.77 × 34.93 cm (9.8 × 13.8 in),Watercolor paintings by Winslow Homer~1870s paintings by Winslow Homer~Paintings by Winslow Homer in the National Gallery of Art~1878 paintings in the United States~Gouache paintings~1878 watercolor paintings~Watercolor paintings of children~19th-century childhood in painting,images/ winslowhomer_00000024.jpg,http://upload.wikimedia.org/wikipedia/commons/3/33/Winslow_Homer_-_On_the_Fence_%281878%29.jpg,http://commons.wikimedia.org/wiki/File:Winslow_Homer_-_On_the_Fence_(1878).jpg
,Thomas Girtin,thomasgirtin,A Temple in Harewood Park,circa 1798,"""Watercolor, gouache and charcoal/black chalk over graphite on medium, slightly textured, beige, laid paper""",Height:  213 mm (8.39 in). Width:  176 mm (6.93 in).,Thomas Girtin~Herefordshire in art~Parks in art~1790s watercolor paintings,images/ thomasgirtin_00000025.jpg,http://upload.wikimedia.org/wikipedia/commons/c/ca/Thomas_Girtin_-_A_Temple_in_Harewood_Park_-_Google_Art_Project.jpg,http://commons.wikimedia.org/wiki/File:Thomas_Girtin_-_A_Temple_in_Harewood_Park_-_Google_Art_Project.jpg
,Thomas Girtin,thomasgirtin,A Temple in Harewood Park,circa 1798,"""Watercolor, gouache and charcoal/black chalk over graphite on medium, slightly textured, beige, laid paper""",Height:  213 mm (8.39 in). Width:  176 mm (6.93 in).,Thomas Girtin~Herefordshire in art~Parks in art~1790s watercolor paintings,images/ thomasgirtin_00000026.jpg,http://upload.wikimedia.org/wikipedia/commons/c/ca/Thomas_Girtin_-_A_Temple_in_Harewood_Park_-_Google_Art_Project.jpg,http://commons.wikimedia.org/wiki/File:Thomas_Girtin_-_A_Temple_in_Harewood_Park_-_Google_Art_Project.jpg
,Aaron Shikler,aaronshikler,John Fitzgerald Kennedy,1970,oil on canvas,50 × 34 in (127 × 86.4 cm),Aaron Shikler~Official presidential painted portraits in the White House~Paintings of John F. Kennedy~Portraits of John F. Kennedy~1970s oil on canvas paintings~1970 portrait paintings~20th-century oil portraits of standing women at three-quarter length~20th-century portrait paintings in the United States~Lounge suits in art~Crossed arms (right over left)~Crossed arms in portrait paintings~Male red hair in art~Males looking down~Neckties in art,images/ aaronshikler_00000027.jpg,http://upload.wikimedia.org/wikipedia/commons/2/21/John_F_Kennedy_Official_Portrait.jpg,http://commons.wikimedia.org/wiki/File:John_F_Kennedy_Official_Portrait.jpg
,Aaron Shikler,aaronshikler,John Fitzgerald Kennedy,1970,oil on canvas,50 × 34 in (127 × 86.4 cm),Aaron Shikler~Official presidential painted portraits in the White House~Paintings of John F. Kennedy~Portraits of John F. Kennedy~1970s oil on canvas paintings~1970 portrait paintings~20th-century oil portraits of standing women at three-quarter length~20th-century portrait paintings in the United States~Lounge suits in art~Crossed arms (right over left)~Crossed arms in portrait paintings~Male red hair in art~Males looking down~Neckties in art,images/ aaronshikler_00000028.jpg,http://upload.wikimedia.org/wikipedia/commons/2/21/John_F_Kennedy_Official_Portrait.jpg,http://commons.wikimedia.org/wiki/File:John_F_Kennedy_Official_Portrait.jpg
,Carmontelle,carmontelle,French: M. Rameau Monsieur Rameau,1760,"watercolor, gouache, graphite pencil and sanguine on paper",280 × 180 mm (11.02 × 7.09 in),"Jean-Philippe Rameau~1760 drawings~Portrait drawings by Carmontelle in the musée Condé~18th-century gouache portraits of men~18th-century portrait drawings of men at full length~18th-century profile portrait paintings of men~18th-century watercolor portraits of men~Artists at work~Brown clothing in art, male~Columns in portrait paintings~Men facing left and looking left~Men facing left in art~Portraits of sitting men~Portraits with musical instruments~Portraits with musical scores~Spinet~Terraces in art~Wigs in art",images/ carmontelle_00000029.JPG,http://upload.wikimedia.org/wikipedia/commons/f/fb/Rameau_Carmontelle.JPG,http://commons.wikimedia.org/wiki/File:Rameau_Carmontelle.JPG
,Carmontelle,carmontelle,French: M. Rameau Monsieur Rameau,1760,"watercolor, gouache, graphite pencil and sanguine on paper",280 × 180 mm (11.02 × 7.09 in),"Jean-Philippe Rameau~1760 drawings~Portrait drawings by Carmontelle in the musée Condé~18th-century gouache portraits of men~18th-century portrait drawings of men at full length~18th-century profile portrait paintings of men~18th-century watercolor portraits of men~Artists at work~Brown clothing in art, male~Columns in portrait paintings~Men facing left and looking left~Men facing left in art~Portraits of sitting men~Portraits with musical instruments~Portraits with musical scores~Spinet~Terraces in art~Wigs in art",images/ carmontelle_00000030.JPG,http://upload.wikimedia.org/wikipedia/commons/f/fb/Rameau_Carmontelle.JPG,http://commons.wikimedia.org/wiki/File:Rameau_Carmontelle.JPG
,George Peter Alexander Healy,georgehealy, English: The Peacemakers. Français : The Peacemakers.,1868?,oil on canvas,119.7 × 159.1 cm (47.1 × 62.6 in),"The Peacemakers~1868 oil on canvas paintings in the United States~Presidents of the United States together~River Queen (ship, 1864)~Rainbows in paintings",images/ georgehealy_00000031.jpg,http://upload.wikimedia.org/wikipedia/commons/a/a4/The_Peacemakers_1868.jpg,http://commons.wikimedia.org/wiki/File:The_Peacemakers_1868.jpg
,George Peter Alexander Healy,georgehealy, English: The Peacemakers. Français : The Peacemakers.,1868?,oil on canvas,119.7 × 159.1 cm (47.1 × 62.6 in),"The Peacemakers~1868 oil on canvas paintings in the United States~Presidents of the United States together~River Queen (ship, 1864)~Rainbows in paintings",images/ georgehealy_00000032.jpg,http://upload.wikimedia.org/wikipedia/commons/a/a4/The_Peacemakers_1868.jpg,http://commons.wikimedia.org/wiki/File:The_Peacemakers_1868.jpg
,Valentin Alexandrovich Serov,valentinserov, English: Portrait of Pavel Tretyakov Русский: Портрет Павла Михайловича Третьякова,1899,"paper, watercolor, gouache, graphite pencil",Height:  21 cm (8.3 in). Width:  12.2 cm (4.8 in).,Pavel Tretyakov~Male portraits by Valentin Serov~19th-century portraits in the Tretyakov Gallery~19th-century portrait paintings of standing men at three-quarter length~19th-century watercolor portraits of men~1890s portraits of Russia~1899 watercolor paintings~1899 portrait paintings~Men facing right in art~Portrait paintings of bearded men~Portrait paintings of merchants~Posthumous portraits~Watercolor paintings in Russia,images/ valentinserov_00000033.jpg,http://upload.wikimedia.org/wikipedia/commons/7/7f/Pavel_Tretyakov_by_Valentin_Serov_1899.jpg,http://commons.wikimedia.org/wiki/File:Pavel_Tretyakov_by_Valentin_Serov_1899.jpg
,Valentin Alexandrovich Serov,valentinserov, English: Portrait of Pavel Tretyakov Русский: Портрет Павла Михайловича Третьякова,1899,"paper, watercolor, gouache, graphite pencil",Height:  21 cm (8.3 in). Width:  12.2 cm (4.8 in).,Pavel Tretyakov~Male portraits by Valentin Serov~19th-century portraits in the Tretyakov Gallery~19th-century portrait paintings of standing men at three-quarter length~19th-century watercolor portraits of men~1890s portraits of Russia~1899 watercolor paintings~1899 portrait paintings~Men facing right in art~Portrait paintings of bearded men~Portrait paintings of merchants~Posthumous portraits~Watercolor paintings in Russia,images/ valentinserov_00000034.jpg,http://upload.wikimedia.org/wikipedia/commons/7/7f/Pavel_Tretyakov_by_Valentin_Serov_1899.jpg,http://commons.wikimedia.org/wiki/File:Pavel_Tretyakov_by_Valentin_Serov_1899.jpg
,Caspar David Friedrich,casparfriedrich,Chalk Cliffs on Rügen,circa 1818/1819,oil on canvas,90 × 70 cm (35.4 × 27.6 in),1810s paintings by Caspar David Friedrich~Paintings in Museum Oskar Reinhart~Rügen in art~1818 paintings~19th-century oil on canvas paintings~Paintings of people in nature~Baltic Sea in art~Nationalpark Jasmund~Romantic landscape paintings~Cliffs in art,images/ casparfriedrich_00000035.jpg,http://upload.wikimedia.org/wikipedia/commons/5/57/Caspar_David_Friedrich_Chalk_Cliffs_on_R%C3%BCgen.jpg,http://commons.wikimedia.org/wiki/File:Caspar_David_Friedrich_Chalk_Cliffs_on_R%C3%BCgen.jpg
,Caspar David Friedrich,casparfriedrich,Chalk Cliffs on Rügen,circa 1818/1819,oil on canvas,90 × 70 cm (35.4 × 27.6 in),1810s paintings by Caspar David Friedrich~Paintings in Museum Oskar Reinhart~Rügen in art~1818 paintings~19th-century oil on canvas paintings~Paintings of people in nature~Baltic Sea in art~Nationalpark Jasmund~Romantic landscape paintings~Cliffs in art,images/ casparfriedrich_00000036.jpg,http://upload.wikimedia.org/wikipedia/commons/5/57/Caspar_David_Friedrich_Chalk_Cliffs_on_R%C3%BCgen.jpg,http://commons.wikimedia.org/wiki/File:Caspar_David_Friedrich_Chalk_Cliffs_on_R%C3%BCgen.jpg
,Dante Gabriel Rossetti,danterossetti,Paolo and Francesca da Rimini,1867," watercolour, gouache and gum arabic over pencil on 2 sheets of paper English: watercolour, gouache and gum arabic over pencil on 2 sheets of paper",Height:  437 mm (17.2 in). Width:  361 mm (14.21 in).,Paintings by Dante Gabriel Rossetti~Paolo e Francesca~Pre-Raphaelite paintings of Italian Renaissance~Historical drawings of the Middle Ages by Dante Gabriel Rossetti~Pre-Raphaelite paintings of couples~1860s watercolor paintings~Stained glass windows~People at windows in art~Paintings of couples in rooms~Paintings of couples in love~Paintings in the National Gallery of Australia~Gouache paintings~Rose windows,images/ danterossetti_00000037.jpg,http://upload.wikimedia.org/wikipedia/commons/7/7f/Dante_Gabriel_Rossetti_-_Paolo_and_Francesca_da_Rimini_-_Google_Art_Project.jpg,http://commons.wikimedia.org/wiki/File:Dante_Gabriel_Rossetti_-_Paolo_and_Francesca_da_Rimini_-_Google_Art_Project.jpg
,Dante Gabriel Rossetti,danterossetti,Paolo and Francesca da Rimini,1867," watercolour, gouache and gum arabic over pencil on 2 sheets of paper English: watercolour, gouache and gum arabic over pencil on 2 sheets of paper",Height:  437 mm (17.2 in). Width:  361 mm (14.21 in).,Paintings by Dante Gabriel Rossetti~Paolo e Francesca~Pre-Raphaelite paintings of Italian Renaissance~Historical drawings of the Middle Ages by Dante Gabriel Rossetti~Pre-Raphaelite paintings of couples~1860s watercolor paintings~Stained glass windows~People at windows in art~Paintings of couples in rooms~Paintings of couples in love~Paintings in the National Gallery of Australia~Gouache paintings~Rose windows,images/ danterossetti_00000038.jpg,http://upload.wikimedia.org/wikipedia/commons/7/7f/Dante_Gabriel_Rossetti_-_Paolo_and_Francesca_da_Rimini_-_Google_Art_Project.jpg,http://commons.wikimedia.org/wiki/File:Dante_Gabriel_Rossetti_-_Paolo_and_Francesca_da_Rimini_-_Google_Art_Project.jpg
,Hendrik Voogd,hendrikvoogd,Italian Landscape with Umbrella Pines,1807,oil on canvas,101.5 × 138.5 cm (40 × 54.5 in),Romantic landscape paintings~1807 oil on canvas paintings~Dutch 19th-century paintings in the Rijksmuseum Amsterdam~Pinus pinea (illustrations)~Hendrik Voogd~Rijksmuseum Amsterdam - Room 1.12~Pinus pinea in Italy~Italy in art,images/ hendrikvoogd_00000039.jpg,http://upload.wikimedia.org/wikipedia/commons/7/76/Hendrik_Voogd_-_Italian_landscape_with_Umbrella_Pines.jpg,http://commons.wikimedia.org/wiki/File:Hendrik_Voogd_-_Italian_landscape_with_Umbrella_Pines.jpg
,Hendrik Voogd,hendrikvoogd,Italian Landscape with Umbrella Pines,1807,oil on canvas,101.5 × 138.5 cm (40 × 54.5 in),Romantic landscape paintings~1807 oil on canvas paintings~Dutch 19th-century paintings in the Rijksmuseum Amsterdam~Pinus pinea (illustrations)~Hendrik Voogd~Rijksmuseum Amsterdam - Room 1.12~Pinus pinea in Italy~Italy in art,images/ hendrikvoogd_00000040.jpg,http://upload.wikimedia.org/wikipedia/commons/7/76/Hendrik_Voogd_-_Italian_landscape_with_Umbrella_Pines.jpg,http://commons.wikimedia.org/wiki/File:Hendrik_Voogd_-_Italian_landscape_with_Umbrella_Pines.jpg
,William Glackens,williamglackens,Merry Christmas (Yuletide Revels),circa 1910,"black conte crayon, ink, transparent and opaque watercolor, graphite, and paper attachment/cream, thick, smooth pulp board",61.9 × 47 cm (24.4 × 18.5 in),William Glackens~Christmas in art~Watercolor paintings in the Brooklyn Museum~American art in the Brooklyn Museum~20th-century watercolor paintings~20th-century paintings in the Brooklyn Museum,images/ williamglackens_00000041.jpg,http://upload.wikimedia.org/wikipedia/commons/e/ee/Brooklyn_Museum_-_Merry_Christmas_%28Yuletide_Revels%29_-_William_Glackens_-_overall.jpg,http://commons.wikimedia.org/wiki/File:Brooklyn_Museum_-_Merry_Christmas_(Yuletide_Revels)_-_William_Glackens_-_overall.jpg
,William Glackens,williamglackens,Merry Christmas (Yuletide Revels),circa 1910,"black conte crayon, ink, transparent and opaque watercolor, graphite, and paper attachment/cream, thick, smooth pulp board",61.9 × 47 cm (24.4 × 18.5 in),William Glackens~Christmas in art~Watercolor paintings in the Brooklyn Museum~American art in the Brooklyn Museum~20th-century watercolor paintings~20th-century paintings in the Brooklyn Museum,images/ williamglackens_00000042.jpg,http://upload.wikimedia.org/wikipedia/commons/e/ee/Brooklyn_Museum_-_Merry_Christmas_%28Yuletide_Revels%29_-_William_Glackens_-_overall.jpg,http://commons.wikimedia.org/wiki/File:Brooklyn_Museum_-_Merry_Christmas_(Yuletide_Revels)_-_William_Glackens_-_overall.jpg
,Marie-Denise Villers,mariedenisevillers,Charlotte du Val d'Ognes,1801,oil on canvas,161.3 × 128.6 cm (63.5 × 50.6 in),Marie-Denise Villers~19th-century portrait paintings in the Metropolitan Museum of Art~French paintings in the Metropolitan Museum of Art~1801 oil on canvas paintings in the United States~1801 portrait paintings from France~19th-century oil portraits of sitting women at full length~People with grey background in art~Females facing left in art~Directoire furniture~Female artists~Females with white dresses in art~Portrait paintings of painters from France~Women facing left in art~Women looking at viewer in art~Salon of 1801,images/ mariedenisevillers_00000043.jpg,http://upload.wikimedia.org/wikipedia/commons/5/5a/Villers_Young_Woman_Drawing.jpg,http://commons.wikimedia.org/wiki/File:Villers_Young_Woman_Drawing.jpg
,Marie-Denise Villers,mariedenisevillers,Charlotte du Val d'Ognes,1801,oil on canvas,161.3 × 128.6 cm (63.5 × 50.6 in),Marie-Denise Villers~19th-century portrait paintings in the Metropolitan Museum of Art~French paintings in the Metropolitan Museum of Art~1801 oil on canvas paintings in the United States~1801 portrait paintings from France~19th-century oil portraits of sitting women at full length~People with grey background in art~Females facing left in art~Directoire furniture~Female artists~Females with white dresses in art~Portrait paintings of painters from France~Women facing left in art~Women looking at viewer in art~Salon of 1801,images/ mariedenisevillers_00000044.jpg,http://upload.wikimedia.org/wikipedia/commons/5/5a/Villers_Young_Woman_Drawing.jpg,http://commons.wikimedia.org/wiki/File:Villers_Young_Woman_Drawing.jpg
,William-Adolphe Bouguereau,williamadolphebouguereau,French: La Vague The Wave,1896,oil on canvas,121 × 160.5 cm (47.6 × 63.2 in),Nude paintings by William-Adolphe Bouguereau~Erotic art of William-Adolphe Bouguereau~19th-century paintings in unidentified private collections~1896 oil on canvas paintings~19th-century oil paintings of sitting women at full length~Beach nudity in art~Female long hair in art~Paintings of nude females in the sea~People with water in art~Waves in art~Nude or partially nude women facing right and looking at viewer in art~Paintings of nude sitting females in the 19th century,images/ williamadolphebouguereau_00000045.jpg,http://upload.wikimedia.org/wikipedia/commons/6/6e/William-Adolphe_Bouguereau_%281825-1905%29_-_The_Wave_%281896%29.jpg,http://commons.wikimedia.org/wiki/File:William-Adolphe_Bouguereau_(1825-1905)_-_The_Wave_(1896).jpg
,William-Adolphe Bouguereau,williamadolphebouguereau,French: La Vague The Wave,1896,oil on canvas,121 × 160.5 cm (47.6 × 63.2 in),Nude paintings by William-Adolphe Bouguereau~Erotic art of William-Adolphe Bouguereau~19th-century paintings in unidentified private collections~1896 oil on canvas paintings~19th-century oil paintings of sitting women at full length~Beach nudity in art~Female long hair in art~Paintings of nude females in the sea~People with water in art~Waves in art~Nude or partially nude women facing right and looking at viewer in art~Paintings of nude sitting females in the 19th century,images/ williamadolphebouguereau_00000046.jpg,http://upload.wikimedia.org/wikipedia/commons/6/6e/William-Adolphe_Bouguereau_%281825-1905%29_-_The_Wave_%281896%29.jpg,http://commons.wikimedia.org/wiki/File:William-Adolphe_Bouguereau_(1825-1905)_-_The_Wave_(1896).jpg
,William-Adolphe Bouguereau,williamadolphebouguereau,Gabrielle Cot,1890,oil on canvas,45.7 × 38.1 cm (18 × 15 in),Portrait paintings of women of France~Female hair fashion in art~Bun hairstyle~19th-century portraits of women at bust length~1890 paintings~Portraits by William-Adolphe Bouguereau~1890s portrait paintings~19th-century oil on canvas paintings~Women looking at viewer in art,images/ williamadolphebouguereau_00000047.jpg,http://upload.wikimedia.org/wikipedia/commons/9/94/Gabrielle_Cot_1890.jpg,http://commons.wikimedia.org/wiki/File:Gabrielle_Cot_1890.jpg
,William-Adolphe Bouguereau,williamadolphebouguereau,Gabrielle Cot,1890,oil on canvas,45.7 × 38.1 cm (18 × 15 in),Portrait paintings of women of France~Female hair fashion in art~Bun hairstyle~19th-century portraits of women at bust length~1890 paintings~Portraits by William-Adolphe Bouguereau~1890s portrait paintings~19th-century oil on canvas paintings~Women looking at viewer in art,images/ williamadolphebouguereau_00000048.jpg,http://upload.wikimedia.org/wikipedia/commons/9/94/Gabrielle_Cot_1890.jpg,http://commons.wikimedia.org/wiki/File:Gabrielle_Cot_1890.jpg
,Santiago Rusiñol,santiagorusiñol,Portrait of Pere Ferran Painting,1895,Conté pencil and charcoal on paper,Height:  315 mm (12.4 in). Width:  482 mm (18.98 in).,Drawings by Santiago Rusiñol in the MNAC~Charcoal portraits,images/ santiagorusiñol_00000049.jpg,http://upload.wikimedia.org/wikipedia/commons/e/e5/Santiago_Rusi%C3%B1ol_-_Portrait_of_Pere_Ferran_Painting_-_Google_Art_Project.jpg,http://commons.wikimedia.org/wiki/File:Santiago_Rusi%C3%B1ol_-_Portrait_of_Pere_Ferran_Painting_-_Google_Art_Project.jpg
,Santiago Rusiñol,santiagorusiñol,Portrait of Pere Ferran Painting,1895,Conté pencil and charcoal on paper,Height:  315 mm (12.4 in). Width:  482 mm (18.98 in).,Drawings by Santiago Rusiñol in the MNAC~Charcoal portraits,images/ santiagorusiñol_00000050.jpg,http://upload.wikimedia.org/wikipedia/commons/e/e5/Santiago_Rusi%C3%B1ol_-_Portrait_of_Pere_Ferran_Painting_-_Google_Art_Project.jpg,http://commons.wikimedia.org/wiki/File:Santiago_Rusi%C3%B1ol_-_Portrait_of_Pere_Ferran_Painting_-_Google_Art_Project.jpg
,Thomas Gainsborough,thomasgainsborough,Country Lane with Gypsies Resting,between 1760 and 1765,"""Watercolor and gouache over graphite and black chalk; verso: graphite on moderately thick, moderately textured, cream prepared wove paper""",Height:  286 mm (11.26 in). Width:  235 mm (9.25 in).,Drawings by Thomas Gainsborough~18th-century landscape drawings~Roma people in art~Gouache paintings~Paintings in the Yale Center for British Art,images/ thomasgainsborough_00000051.jpg,http://upload.wikimedia.org/wikipedia/commons/c/cc/Thomas_Gainsborough_-_Country_Lane_with_Gypsies_Resting_-_Google_Art_Project.jpg,http://commons.wikimedia.org/wiki/File:Thomas_Gainsborough_-_Country_Lane_with_Gypsies_Resting_-_Google_Art_Project.jpg
,Thomas Gainsborough,thomasgainsborough,Country Lane with Gypsies Resting,between 1760 and 1765,"""Watercolor and gouache over graphite and black chalk; verso: graphite on moderately thick, moderately textured, cream prepared wove paper""",Height:  286 mm (11.26 in). Width:  235 mm (9.25 in).,Drawings by Thomas Gainsborough~18th-century landscape drawings~Roma people in art~Gouache paintings~Paintings in the Yale Center for British Art,images/ thomasgainsborough_00000052.jpg,http://upload.wikimedia.org/wikipedia/commons/c/cc/Thomas_Gainsborough_-_Country_Lane_with_Gypsies_Resting_-_Google_Art_Project.jpg,http://commons.wikimedia.org/wiki/File:Thomas_Gainsborough_-_Country_Lane_with_Gypsies_Resting_-_Google_Art_Project.jpg
,Samuel Palmer,samuelpalmer,The Valley of Vision,Unknown date,"""Gouache, brush and brown ink, brown and gray wash, over graphite on moderately thick, slightly textured, cream wove paper (wrapper for Creswick crayon paper)""",Height:  283 mm (11.14 in). Width:  445 mm (17.52 in).,Drawings by Samuel Palmer~Gouache paintings~Shepherds in art~19th-century landscape drawings,images/ samuelpalmer_00000053.jpg,http://upload.wikimedia.org/wikipedia/commons/d/dd/Samuel_Palmer_-_The_Valley_of_Vision_-_Google_Art_Project.jpg,http://commons.wikimedia.org/wiki/File:Samuel_Palmer_-_The_Valley_of_Vision_-_Google_Art_Project.jpg
,Samuel Palmer,samuelpalmer,The Valley of Vision,Unknown date,"""Gouache, brush and brown ink, brown and gray wash, over graphite on moderately thick, slightly textured, cream wove paper (wrapper for Creswick crayon paper)""",Height:  283 mm (11.14 in). Width:  445 mm (17.52 in).,Drawings by Samuel Palmer~Gouache paintings~Shepherds in art~19th-century landscape drawings,images/ samuelpalmer_00000054.jpg,http://upload.wikimedia.org/wikipedia/commons/d/dd/Samuel_Palmer_-_The_Valley_of_Vision_-_Google_Art_Project.jpg,http://commons.wikimedia.org/wiki/File:Samuel_Palmer_-_The_Valley_of_Vision_-_Google_Art_Project.jpg
,Édouard Manet,edouardmanet, Français : Homme au Chapeau Rond English: Portrait of Alphonse Maureau,circa 1880,pastel and gouache on canvas (canvas prepared with a gouache ground),54 × 46 cm (21.3 × 18.1 in),"Pastel portraits by Édouard Manet~Paintings by Édouard Manet in the Art Institute of Chicago~Alphonse Maureau~19th-century gouache portraits of men~19th-century pastel portraits of men at half length~18th-century portrait paintings in the United States~Portrait paintings of men wearing hats~Three-quarter view portrait paintings of men, facing right",images/ edouardmanet_00000055.jpg,http://upload.wikimedia.org/wikipedia/commons/0/06/%C3%89douard_Manet_-_Homme_au_Chapeau_Rond.jpg,http://commons.wikimedia.org/wiki/File:%C3%89douard_Manet_-_Homme_au_Chapeau_Rond.jpg
,Édouard Manet,edouardmanet, Français : Homme au Chapeau Rond English: Portrait of Alphonse Maureau,circa 1880,pastel and gouache on canvas (canvas prepared with a gouache ground),54 × 46 cm (21.3 × 18.1 in),"Pastel portraits by Édouard Manet~Paintings by Édouard Manet in the Art Institute of Chicago~Alphonse Maureau~19th-century gouache portraits of men~19th-century pastel portraits of men at half length~18th-century portrait paintings in the United States~Portrait paintings of men wearing hats~Three-quarter view portrait paintings of men, facing right",images/ edouardmanet_00000056.jpg,http://upload.wikimedia.org/wikipedia/commons/0/06/%C3%89douard_Manet_-_Homme_au_Chapeau_Rond.jpg,http://commons.wikimedia.org/wiki/File:%C3%89douard_Manet_-_Homme_au_Chapeau_Rond.jpg
,Frederic Edwin Church,fredericchurch,Aurora Borealis,1865,oil on canvas,"Height:  1,422.4 mm (56 in). Width:  2,120.9 mm (83.5 in).",Paintings by Frederic Edwin Church~1860s landscape paintings~Aurora borealis in art~1865 oil on canvas paintings in the United States~Landscape paintings in the Smithsonian American Art Museum~Oil paintings of landscapes~Sky in art,images/ fredericchurch_00000057.jpg,http://upload.wikimedia.org/wikipedia/commons/d/da/Frederic_Edwin_Church_-_Aurora_Borealis_-_Google_Art_Project.jpg,http://commons.wikimedia.org/wiki/File:Frederic_Edwin_Church_-_Aurora_Borealis_-_Google_Art_Project.jpg
,Frederic Edwin Church,fredericchurch,Aurora Borealis,1865,oil on canvas,"Height:  1,422.4 mm (56 in). Width:  2,120.9 mm (83.5 in).",Paintings by Frederic Edwin Church~1860s landscape paintings~Aurora borealis in art~1865 oil on canvas paintings in the United States~Landscape paintings in the Smithsonian American Art Museum~Oil paintings of landscapes~Sky in art,images/ fredericchurch_00000058.jpg,http://upload.wikimedia.org/wikipedia/commons/d/da/Frederic_Edwin_Church_-_Aurora_Borealis_-_Google_Art_Project.jpg,http://commons.wikimedia.org/wiki/File:Frederic_Edwin_Church_-_Aurora_Borealis_-_Google_Art_Project.jpg
,Carl Philipp Fohr,carlfohr,Knight before the Charcoal Burner's Hut,1816,oil on canvas,Height:  51 cm (20.1 in). Width:  64 cm (25.2 in).,Carl Philipp Fohr~Paintings in the Alte Nationalgalerie~1816 paintings,images/ carlfohr_00000059.jpg,http://upload.wikimedia.org/wikipedia/commons/8/80/Carl_Philipp_Fohr_-_Knight_before_the_Charcoal_Burner%27s_Hut_-_WGA7968.jpg,http://commons.wikimedia.org/wiki/File:Carl_Philipp_Fohr_-_Knight_before_the_Charcoal_Burner%27s_Hut_-_WGA7968.jpg
,Carl Philipp Fohr,carlfohr,Knight before the Charcoal Burner's Hut,1816,oil on canvas,Height:  51 cm (20.1 in). Width:  64 cm (25.2 in).,Carl Philipp Fohr~Paintings in the Alte Nationalgalerie~1816 paintings,images/ carlfohr_00000060.jpg,http://upload.wikimedia.org/wikipedia/commons/8/80/Carl_Philipp_Fohr_-_Knight_before_the_Charcoal_Burner%27s_Hut_-_WGA7968.jpg,http://commons.wikimedia.org/wiki/File:Carl_Philipp_Fohr_-_Knight_before_the_Charcoal_Burner%27s_Hut_-_WGA7968.jpg
,David Martin,davidmartin,Portrait of Benjamin Franklin,1767,"oil on canvas, mounted on panel",127.2 × 101.4 cm (50.1 × 39.9 in),"David Martin (artist)~Portrait paintings in the White House~Paintings of Benjamin Franklin~1767 oil on canvas paintings in the United States~1767 portrait paintings~18th-century cabinet portraits~18th-century oil portraits of sitting men at half length~18th-century portrait paintings in the United States~Blue clothing in art, male~Busts in portrait paintings~Chairs in portrait paintings~Concentration in art~Portrait paintings of men with glasses~Men facing left in art~Paintings of sitting men reading indoors~Powdered wigs in art",images/ davidmartin_00000061.jpg,http://upload.wikimedia.org/wikipedia/commons/a/a3/Benjamin_Franklin_1767.jpg,http://commons.wikimedia.org/wiki/File:Benjamin_Franklin_1767.jpg
,David Martin,davidmartin,Portrait of Benjamin Franklin,1767,"oil on canvas, mounted on panel",127.2 × 101.4 cm (50.1 × 39.9 in),"David Martin (artist)~Portrait paintings in the White House~Paintings of Benjamin Franklin~1767 oil on canvas paintings in the United States~1767 portrait paintings~18th-century cabinet portraits~18th-century oil portraits of sitting men at half length~18th-century portrait paintings in the United States~Blue clothing in art, male~Busts in portrait paintings~Chairs in portrait paintings~Concentration in art~Portrait paintings of men with glasses~Men facing left in art~Paintings of sitting men reading indoors~Powdered wigs in art",images/ davidmartin_00000062.jpg,http://upload.wikimedia.org/wikipedia/commons/a/a3/Benjamin_Franklin_1767.jpg,http://commons.wikimedia.org/wiki/File:Benjamin_Franklin_1767.jpg
,Samuel Palmer,samuelpalmer,Conway Castle,1836,"""Graphite, watercolor, gouache and pen and brown ink on medium, smooth, brown wove paper on heavy card""",Height:  591 mm (23.27 in). Width:  762 mm (30 in).,Watercolor paintings by Samuel Palmer~Drawings by Samuel Palmer~Gouache paintings~Conwy Castle in art~1836 drawings~1836 watercolor paintings,images/ samuelpalmer_00000063.jpg,http://upload.wikimedia.org/wikipedia/commons/a/a3/Samuel_Palmer_-_Conway_Castle_-_Google_Art_Project.jpg,http://commons.wikimedia.org/wiki/File:Samuel_Palmer_-_Conway_Castle_-_Google_Art_Project.jpg
,Samuel Palmer,samuelpalmer,Conway Castle,1836,"""Graphite, watercolor, gouache and pen and brown ink on medium, smooth, brown wove paper on heavy card""",Height:  591 mm (23.27 in). Width:  762 mm (30 in).,Watercolor paintings by Samuel Palmer~Drawings by Samuel Palmer~Gouache paintings~Conwy Castle in art~1836 drawings~1836 watercolor paintings,images/ samuelpalmer_00000064.jpg,http://upload.wikimedia.org/wikipedia/commons/a/a3/Samuel_Palmer_-_Conway_Castle_-_Google_Art_Project.jpg,http://commons.wikimedia.org/wiki/File:Samuel_Palmer_-_Conway_Castle_-_Google_Art_Project.jpg
taken with camera,Frederic Leighton,fredericleighton,The Reconciliation of the Montagues and the Capulets,1854,"watercolor and gouache over graphite on paper (moderately thick, slightly textured, cream laid paper)",39.6 × 52.7 cm (15.6 × 20.7 in),Romeo and Juliet in art~Reconciliation~Suicide in art~19th-century watercolor paintings in the United States~1854 paintings~1850s paintings in the United States~Death in paintings~Paintings in the Yale Center for British Art~Historical paintings of the Middle Ages by Frederic Leighton,images/ fredericleighton_00000065.jpg,http://upload.wikimedia.org/wikipedia/commons/8/88/Leighton_-_Reconciliation_watercolor.jpg,http://commons.wikimedia.org/wiki/File:Leighton_-_Reconciliation_watercolor.jpg
taken with camera,Frederic Leighton,fredericleighton,The Reconciliation of the Montagues and the Capulets,1854,"watercolor and gouache over graphite on paper (moderately thick, slightly textured, cream laid paper)",39.6 × 52.7 cm (15.6 × 20.7 in),Romeo and Juliet in art~Reconciliation~Suicide in art~19th-century watercolor paintings in the United States~1854 paintings~1850s paintings in the United States~Death in paintings~Paintings in the Yale Center for British Art~Historical paintings of the Middle Ages by Frederic Leighton,images/ fredericleighton_00000066.jpg,http://upload.wikimedia.org/wikipedia/commons/8/88/Leighton_-_Reconciliation_watercolor.jpg,http://commons.wikimedia.org/wiki/File:Leighton_-_Reconciliation_watercolor.jpg
,Gustave Moreau,gustavemoreau,Saint George and the Dragon,circa 1869,"pencil, watercolor and gouache on paper",28.5 × 18.9 cm (11.2 × 7.4 in),Gustave Moreau~Paintings of Saint George and the Dragon,images/ gustavemoreau_00000067.jpg,http://upload.wikimedia.org/wikipedia/commons/f/f6/Gustave_Moreau_-_Saint-Georges_et_le_dragon_%28c.1869%29.jpg,http://commons.wikimedia.org/wiki/File:Gustave_Moreau_-_Saint-Georges_et_le_dragon_(c.1869).jpg
,Gustave Moreau,gustavemoreau,Saint George and the Dragon,circa 1869,"pencil, watercolor and gouache on paper",28.5 × 18.9 cm (11.2 × 7.4 in),Gustave Moreau~Paintings of Saint George and the Dragon,images/ gustavemoreau_00000068.jpg,http://upload.wikimedia.org/wikipedia/commons/f/f6/Gustave_Moreau_-_Saint-Georges_et_le_dragon_%28c.1869%29.jpg,http://commons.wikimedia.org/wiki/File:Gustave_Moreau_-_Saint-Georges_et_le_dragon_(c.1869).jpg
,Willem van de Velde the Younger,willemyounger, English: Dutch men-o'-war and other shipping in a calm Español: Barcos de guerra neerlandeses y otros mercantes en la calma. Français : Man'o'war hollandais et autres bateaux par mer calme,1665,oil on canvas,34 × 47 in (86.4 × 119.4 cm),"Willem van de Velde (II)~17th-century sailing ships in paintings~Oil paintings of seascapes~17th-century paintings, location missing~Ships under sail~17th-century ships~1660s oil on canvas paintings",images/ willemyounger_00000069.jpg,http://upload.wikimedia.org/wikipedia/commons/4/4e/Willem_van_de_Velde_II_-_Dutch_men-o%27-war_and_other_shipping_in_a_calm.jpg,http://commons.wikimedia.org/wiki/File:Willem_van_de_Velde_II_-_Dutch_men-o%27-war_and_other_shipping_in_a_calm.jpg
,Willem van de Velde the Younger,willemyounger, English: Dutch men-o'-war and other shipping in a calm Español: Barcos de guerra neerlandeses y otros mercantes en la calma. Français : Man'o'war hollandais et autres bateaux par mer calme,1665,oil on canvas,34 × 47 in (86.4 × 119.4 cm),"Willem van de Velde (II)~17th-century sailing ships in paintings~Oil paintings of seascapes~17th-century paintings, location missing~Ships under sail~17th-century ships~1660s oil on canvas paintings",images/ willemyounger_00000070.jpg,http://upload.wikimedia.org/wikipedia/commons/4/4e/Willem_van_de_Velde_II_-_Dutch_men-o%27-war_and_other_shipping_in_a_calm.jpg,http://commons.wikimedia.org/wiki/File:Willem_van_de_Velde_II_-_Dutch_men-o%27-war_and_other_shipping_in_a_calm.jpg
,William Berczy,williamberczy,Vincenzo Federici,1791, watercolor and gouache with gum arabic over graphite on wove paper,16.8 × 13.9 cm (6.6 × 5.5 in),William Berczy~Paintings in the National Gallery of Canada~1791 portrait paintings~18th-century gouache portraits of men~18th-century oval portrait paintings of men~18th-century portrait paintings of men at bust length~18th-century watercolor portraits of men~Pendant portraits~Portrait paintings in Canada,images/ williamberczy_00000071.jpg,http://upload.wikimedia.org/wikipedia/commons/a/a6/William_Berczy_-_Vincenzo_Federici.jpg,http://commons.wikimedia.org/wiki/File:William_Berczy_-_Vincenzo_Federici.jpg
,William Berczy,williamberczy,Vincenzo Federici,1791, watercolor and gouache with gum arabic over graphite on wove paper,16.8 × 13.9 cm (6.6 × 5.5 in),William Berczy~Paintings in the National Gallery of Canada~1791 portrait paintings~18th-century gouache portraits of men~18th-century oval portrait paintings of men~18th-century portrait paintings of men at bust length~18th-century watercolor portraits of men~Pendant portraits~Portrait paintings in Canada,images/ williamberczy_00000072.jpg,http://upload.wikimedia.org/wikipedia/commons/a/a6/William_Berczy_-_Vincenzo_Federici.jpg,http://commons.wikimedia.org/wiki/File:William_Berczy_-_Vincenzo_Federici.jpg
,Marie Spartali Stillman,mariestillman,Beatrice,1895,"watercolor, gouache and tempera mounted on paper",22 11/16 x 17 in.,"Marie Spartali Stillman~Pre-Raphaelite paintings of Beatrice~Paintings of women reading outdoors~Paintings of women wearing hats~Female red hair in art~Sitting with hand on head~Fur trimmings in art~Fingers in art~Females with finger rings in art~Green clothing in art, female~Women facing right and looking right in art~19th-century female hair fashion in art~Gouache paintings~1895 watercolor paintings~Paintings in Delaware Art Museum~Paintings with years of production (artist)",images/ mariestillman_00000073.jpg,http://upload.wikimedia.org/wikipedia/commons/0/0c/Marie_Spartali_Stillman_-_Beatrice_%281895%29.jpg,http://commons.wikimedia.org/wiki/File:Beatrice_stillman.jpg
,Marie Spartali Stillman,mariestillman,Beatrice,1895,"watercolor, gouache and tempera mounted on paper",22 11/16 x 17 in.,"Marie Spartali Stillman~Pre-Raphaelite paintings of Beatrice~Paintings of women reading outdoors~Paintings of women wearing hats~Female red hair in art~Sitting with hand on head~Fur trimmings in art~Fingers in art~Females with finger rings in art~Green clothing in art, female~Women facing right and looking right in art~19th-century female hair fashion in art~Gouache paintings~1895 watercolor paintings~Paintings in Delaware Art Museum~Paintings with years of production (artist)",images/ mariestillman_00000074.jpg,http://upload.wikimedia.org/wikipedia/commons/0/0c/Marie_Spartali_Stillman_-_Beatrice_%281895%29.jpg,http://commons.wikimedia.org/wiki/File:Beatrice_stillman.jpg
,William-Adolphe Bouguereau,williamadolphebouguereau, Français : Dante et Virgile English: Dante and Virgile,1850,oil on canvas,"Height:  2,810 mm (110.63 in). Width:  2,250 mm (88.58 in).",Paintings in Musée d'Orsay~Nude paintings by William-Adolphe Bouguereau~1850 oil on canvas paintings in France~Inferno Canto 30~Killing in art~Challenges to physical balance~Falling in art~Group paintings of nude males~Virgil in the Divine Comedy~Paintings of the Devil~Erotic art of William-Adolphe Bouguereau~Paintings of Dante Alighieri~Salon of 1850~Humans with fictional creatures,images/ williamadolphebouguereau_00000075.jpg,http://upload.wikimedia.org/wikipedia/commons/2/27/William_Bouguereau_-_Dante_and_Virgile_-_Google_Art_Project_2.jpg,http://commons.wikimedia.org/wiki/File:William_Bouguereau_-_Dante_and_Virgile_-_Google_Art_Project_2.jpg
,William-Adolphe Bouguereau,williamadolphebouguereau, Français : Dante et Virgile English: Dante and Virgile,1850,oil on canvas,"Height:  2,810 mm (110.63 in). Width:  2,250 mm (88.58 in).",Paintings in Musée d'Orsay~Nude paintings by William-Adolphe Bouguereau~1850 oil on canvas paintings in France~Inferno Canto 30~Killing in art~Challenges to physical balance~Falling in art~Group paintings of nude males~Virgil in the Divine Comedy~Paintings of the Devil~Erotic art of William-Adolphe Bouguereau~Paintings of Dante Alighieri~Salon of 1850~Humans with fictional creatures,images/ williamadolphebouguereau_00000076.jpg,http://upload.wikimedia.org/wikipedia/commons/2/27/William_Bouguereau_-_Dante_and_Virgile_-_Google_Art_Project_2.jpg,http://commons.wikimedia.org/wiki/File:William_Bouguereau_-_Dante_and_Virgile_-_Google_Art_Project_2.jpg
,John Frederick Lewis,johnlewis,Seated Turk,between 1840 and 1841,"""Watercolor, white gouache, black chalk and graphite on medium, slightly textured, beige wove paper""",Height:  432 mm (17.01 in). Width:  295 mm (11.61 in).,John Frederick Lewis~Ottoman Turks in art~Paintings of sitting men~1840s watercolor paintings~Orientalist portrait paintings,images/ johnlewis_00000077.jpg,http://upload.wikimedia.org/wikipedia/commons/b/b7/John_Frederick_Lewis_-_Seated_Turk_-_Google_Art_Project.jpg,http://commons.wikimedia.org/wiki/File:John_Frederick_Lewis_-_Seated_Turk_-_Google_Art_Project.jpg
,John Frederick Lewis,johnlewis,Seated Turk,between 1840 and 1841,"""Watercolor, white gouache, black chalk and graphite on medium, slightly textured, beige wove paper""",Height:  432 mm (17.01 in). Width:  295 mm (11.61 in).,John Frederick Lewis~Ottoman Turks in art~Paintings of sitting men~1840s watercolor paintings~Orientalist portrait paintings,images/ johnlewis_00000078.jpg,http://upload.wikimedia.org/wikipedia/commons/b/b7/John_Frederick_Lewis_-_Seated_Turk_-_Google_Art_Project.jpg,http://commons.wikimedia.org/wiki/File:John_Frederick_Lewis_-_Seated_Turk_-_Google_Art_Project.jpg
,John Frederick Lewis,johnlewis,Head of a Young Woman,between 1838 and 1840,"""Watercolor, white gouache, black chalk, crayon and graphite on medium, slightly textured, beige wove paper""",Height:  346 mm (13.62 in). Width:  286 mm (11.26 in).,John Frederick Lewis~19th-century paintings,images/ johnlewis_00000079.jpg,http://upload.wikimedia.org/wikipedia/commons/a/a7/John_Frederick_Lewis_-_Head_of_a_Young_Woman_-_Google_Art_Project.jpg,http://commons.wikimedia.org/wiki/File:John_Frederick_Lewis_-_Head_of_a_Young_Woman_-_Google_Art_Project.jpg
,John Frederick Lewis,johnlewis,Head of a Young Woman,between 1838 and 1840,"""Watercolor, white gouache, black chalk, crayon and graphite on medium, slightly textured, beige wove paper""",Height:  346 mm (13.62 in). Width:  286 mm (11.26 in).,John Frederick Lewis~19th-century paintings,images/ johnlewis_00000080.jpg,http://upload.wikimedia.org/wikipedia/commons/a/a7/John_Frederick_Lewis_-_Head_of_a_Young_Woman_-_Google_Art_Project.jpg,http://commons.wikimedia.org/wiki/File:John_Frederick_Lewis_-_Head_of_a_Young_Woman_-_Google_Art_Project.jpg
,Santiago Rusiñol,santiagorusiñol,Portrait of Alfredo Sainati,Around 1898-1899,"Charcoal, conté pencil and pastel on paper",Height:  630 mm (24.8 in). Width:  415 mm (16.34 in).,Drawings by Santiago Rusiñol in the MNAC~Charcoal portraits,images/ santiagorusiñol_00000081.jpg,http://upload.wikimedia.org/wikipedia/commons/3/33/Santiago_Rusi%C3%B1ol_-_Portrait_of_Alfredo_Sainati_-_Google_Art_Project.jpg,http://commons.wikimedia.org/wiki/File:Santiago_Rusi%C3%B1ol_-_Portrait_of_Alfredo_Sainati_-_Google_Art_Project.jpg
,Santiago Rusiñol,santiagorusiñol,Portrait of Alfredo Sainati,Around 1898-1899,"Charcoal, conté pencil and pastel on paper",Height:  630 mm (24.8 in). Width:  415 mm (16.34 in).,Drawings by Santiago Rusiñol in the MNAC~Charcoal portraits,images/ santiagorusiñol_00000082.jpg,http://upload.wikimedia.org/wikipedia/commons/3/33/Santiago_Rusi%C3%B1ol_-_Portrait_of_Alfredo_Sainati_-_Google_Art_Project.jpg,http://commons.wikimedia.org/wiki/File:Santiago_Rusi%C3%B1ol_-_Portrait_of_Alfredo_Sainati_-_Google_Art_Project.jpg
,El Greco,elgreco, English: St Francis Receiving the Stigmata,between 1570 and 1572,tempera on panel,Height:  28.8 cm (11.3 in). Width:  20.6 cm (8.1 in).,Francis of Assisi by El Greco~16th-century paintings in unidentified private collections~16th-century paintings of Francis of Assisi~16th-century oil on canvas paintings~1570s paintings in private collections~Tempera on panel~1570s paintings from Spain~Tempera on canvas~Stigmatisation of Francis of Assisi by El Greco,images/ elgreco_00000083.jpg,http://upload.wikimedia.org/wikipedia/commons/5/50/El_Greco_-_St_Francis_Receiving_the_Stigmata_-_WGA10417.jpg,http://commons.wikimedia.org/wiki/File:El_Greco_-_St_Francis_Receiving_the_Stigmata_-_WGA10417.jpg
,El Greco,elgreco, English: St Francis Receiving the Stigmata,between 1570 and 1572,tempera on panel,Height:  28.8 cm (11.3 in). Width:  20.6 cm (8.1 in).,Francis of Assisi by El Greco~16th-century paintings in unidentified private collections~16th-century paintings of Francis of Assisi~16th-century oil on canvas paintings~1570s paintings in private collections~Tempera on panel~1570s paintings from Spain~Tempera on canvas~Stigmatisation of Francis of Assisi by El Greco,images/ elgreco_00000084.jpg,http://upload.wikimedia.org/wikipedia/commons/5/50/El_Greco_-_St_Francis_Receiving_the_Stigmata_-_WGA10417.jpg,http://commons.wikimedia.org/wiki/File:El_Greco_-_St_Francis_Receiving_the_Stigmata_-_WGA10417.jpg
,John Frederick Lewis,johnlewis,Interior of an Eastern House,between 1840 and 1851,"""Watercolor, white gouache, black chalk and graphite with scratching out on medium, slightly textured, beige wove paper""",Height:  254 mm (10 in). Width:  349 mm (13.74 in).,John Frederick Lewis~1840s watercolor paintings~19th-century paintings of building interiors~Orientalist paintings,images/ johnlewis_00000085.jpg,http://upload.wikimedia.org/wikipedia/commons/f/f8/John_Frederick_Lewis_-_Interior_of_an_Eastern_House_-_Google_Art_Project.jpg,http://commons.wikimedia.org/wiki/File:John_Frederick_Lewis_-_Interior_of_an_Eastern_House_-_Google_Art_Project.jpg
,John Frederick Lewis,johnlewis,Interior of an Eastern House,between 1840 and 1851,"""Watercolor, white gouache, black chalk and graphite with scratching out on medium, slightly textured, beige wove paper""",Height:  254 mm (10 in). Width:  349 mm (13.74 in).,John Frederick Lewis~1840s watercolor paintings~19th-century paintings of building interiors~Orientalist paintings,images/ johnlewis_00000086.jpg,http://upload.wikimedia.org/wikipedia/commons/f/f8/John_Frederick_Lewis_-_Interior_of_an_Eastern_House_-_Google_Art_Project.jpg,http://commons.wikimedia.org/wiki/File:John_Frederick_Lewis_-_Interior_of_an_Eastern_House_-_Google_Art_Project.jpg
,Samuel Palmer,samuelpalmer,The Rock Slip near Boscastle,undated,"""Gouache, black chalk, yellow chalk, and blue chalk on medium, wove paper on card""",Height:  241 mm (9.49 in). Width:  270 mm (10.63 in).,Watercolor paintings by Samuel Palmer,images/ samuelpalmer_00000087.jpg,http://upload.wikimedia.org/wikipedia/commons/b/b5/Samuel_Palmer_-_The_Rock_Slip_near_Boscastle_-_Google_Art_Project.jpg,http://commons.wikimedia.org/wiki/File:Samuel_Palmer_-_The_Rock_Slip_near_Boscastle_-_Google_Art_Project.jpg
,Samuel Palmer,samuelpalmer,The Rock Slip near Boscastle,undated,"""Gouache, black chalk, yellow chalk, and blue chalk on medium, wove paper on card""",Height:  241 mm (9.49 in). Width:  270 mm (10.63 in).,Watercolor paintings by Samuel Palmer,images/ samuelpalmer_00000088.jpg,http://upload.wikimedia.org/wikipedia/commons/b/b5/Samuel_Palmer_-_The_Rock_Slip_near_Boscastle_-_Google_Art_Project.jpg,http://commons.wikimedia.org/wiki/File:Samuel_Palmer_-_The_Rock_Slip_near_Boscastle_-_Google_Art_Project.jpg
,Antoni Piotrowski,antonipiotrowski, Polski: Wiosna. English: Spring. Français : Printemps.,1902,"watercolor on cardboard or maybe ""Watercolour and gouache on cardboard""[1]",48 × 38 cm (18.9 × 15 in),Paintings from Poland~20th-century profile portrait paintings of women~Antoni Piotrowski~Erotic art~1902 watercolor paintings~Women facing right and looking down in art~20th-century watercolor portraits of women~Side cleavage (breasts),images/ antonipiotrowski_00000089.jpg,http://upload.wikimedia.org/wikipedia/commons/b/b4/PiotrowskiAntoni.Wiosna.jpg,http://commons.wikimedia.org/wiki/File:PiotrowskiAntoni.Wiosna.jpg
,Antoni Piotrowski,antonipiotrowski, Polski: Wiosna. English: Spring. Français : Printemps.,1902,"watercolor on cardboard or maybe ""Watercolour and gouache on cardboard""[1]",48 × 38 cm (18.9 × 15 in),Paintings from Poland~20th-century profile portrait paintings of women~Antoni Piotrowski~Erotic art~1902 watercolor paintings~Women facing right and looking down in art~20th-century watercolor portraits of women~Side cleavage (breasts),images/ antonipiotrowski_00000090.jpg,http://upload.wikimedia.org/wikipedia/commons/b/b4/PiotrowskiAntoni.Wiosna.jpg,http://commons.wikimedia.org/wiki/File:PiotrowskiAntoni.Wiosna.jpg
,Jean-Baptiste Mauzaisse,jeanbaptistemauzaisse, English: Battle of Valmy Français : Bataille de Valmy,1835,oil on canvas,678 × 296 cm (266.9 × 116.5 in),History paintings in the Musée national du Château de Versailles~19th-century paintings in the Musée national du Château de Versailles~Battle of Valmy~Paintings of battles~Jean-Baptiste Mauzaisse~Cavalry during the French Revolution and Consulate~Cuirassiers~1836 paintings~Windmills in art~Horses in art~Windmills in Marne~Post mills in France,images/ jeanbaptistemauzaisse_00000091.jpg,http://upload.wikimedia.org/wikipedia/commons/c/c8/Valmy_Battle_painting.jpg,http://commons.wikimedia.org/wiki/File:Valmy_Battle_painting.jpg
,Jean-Baptiste Mauzaisse,jeanbaptistemauzaisse, English: Battle of Valmy Français : Bataille de Valmy,1835,oil on canvas,678 × 296 cm (266.9 × 116.5 in),History paintings in the Musée national du Château de Versailles~19th-century paintings in the Musée national du Château de Versailles~Battle of Valmy~Paintings of battles~Jean-Baptiste Mauzaisse~Cavalry during the French Revolution and Consulate~Cuirassiers~1836 paintings~Windmills in art~Horses in art~Windmills in Marne~Post mills in France,images/ jeanbaptistemauzaisse_00000092.jpg,http://upload.wikimedia.org/wikipedia/commons/c/c8/Valmy_Battle_painting.jpg,http://commons.wikimedia.org/wiki/File:Valmy_Battle_painting.jpg
,Robert Lefèvre,robertlefevre,Portrait of a Woman Holding a Pencil and a Drawing Book,circa 1808,oil on canvas,60 x 54 1/4 x 5 1/2 in. (152.4 x 137.8 x 13.97 cm),Robert Lefèvre~Portrait paintings from France in the Los Angeles County Museum of Art~18th-century portrait paintings of unidentified women~1800s dresses~1808 oil on canvas paintings in the United States~1808 portrait paintings from France~19th-century oil portraits of sitting women at three-quarter length~19th-century portrait paintings in the United States~Couches in portrait paintings~Drawing~Empire silhouette~Females with white dresses in art~Pencils in art~Portrait paintings of women holding books~Portraits with shawls~Portrait paintings holding portcrayons,images/ robertlefevre_00000093.jpg,http://upload.wikimedia.org/wikipedia/commons/5/58/Portrait_of_a_Woman_Holding_a_Pencil_and_a_Drawing_Book_LACMA_M.73.91.jpg,http://commons.wikimedia.org/wiki/File:Portrait_of_a_Woman_Holding_a_Pencil_and_a_Drawing_Book_LACMA_M.73.91.jpg
,Robert Lefèvre,robertlefevre,Portrait of a Woman Holding a Pencil and a Drawing Book,circa 1808,oil on canvas,60 x 54 1/4 x 5 1/2 in. (152.4 x 137.8 x 13.97 cm),Robert Lefèvre~Portrait paintings from France in the Los Angeles County Museum of Art~18th-century portrait paintings of unidentified women~1800s dresses~1808 oil on canvas paintings in the United States~1808 portrait paintings from France~19th-century oil portraits of sitting women at three-quarter length~19th-century portrait paintings in the United States~Couches in portrait paintings~Drawing~Empire silhouette~Females with white dresses in art~Pencils in art~Portrait paintings of women holding books~Portraits with shawls~Portrait paintings holding portcrayons,images/ robertlefevre_00000094.jpg,http://upload.wikimedia.org/wikipedia/commons/5/58/Portrait_of_a_Woman_Holding_a_Pencil_and_a_Drawing_Book_LACMA_M.73.91.jpg,http://commons.wikimedia.org/wiki/File:Portrait_of_a_Woman_Holding_a_Pencil_and_a_Drawing_Book_LACMA_M.73.91.jpg
,Ford Madox Brown,fordbrown,Romeo   and  Juliet,1867,watercolor,13 × 19 in (33 × 48.3 cm),Pre-Raphaelite paintings of William Shakespeare~Kisses in art~Romeo and Juliet in art~Ford Madox Brown,images/ fordbrown_00000095.jpg,http://upload.wikimedia.org/wikipedia/commons/f/f9/Romeo_and_Juliet_%28watercolour%29_by_Ford_Maddox_Brown.jpg,http://commons.wikimedia.org/wiki/File:Romeo_and_Juliet_(watercolour)_by_Ford_Maddox_Brown.jpg
,Ford Madox Brown,fordbrown,Romeo   and  Juliet,1867,watercolor,13 × 19 in (33 × 48.3 cm),Pre-Raphaelite paintings of William Shakespeare~Kisses in art~Romeo and Juliet in art~Ford Madox Brown,images/ fordbrown_00000096.jpg,http://upload.wikimedia.org/wikipedia/commons/f/f9/Romeo_and_Juliet_%28watercolour%29_by_Ford_Maddox_Brown.jpg,http://commons.wikimedia.org/wiki/File:Romeo_and_Juliet_(watercolour)_by_Ford_Maddox_Brown.jpg
,Pietro Perugino,pietroperugino,Madonna di Loreta (Battesimo),circa 1507,tempera and oil on panel,17.1 × 36.6 cm (6.7 × 14.4 in),Galleria nazionale dell'Umbria (Perugia)~Paintings of the baptism of Jesus Christ~Oil paintings of people~1500s paintings in Italy~16th-century paintings of the baptism of Jesus Christ~Tempera on panel~16th-century oil on canvas paintings in Italy,images/ pietroperugino_00000097.jpg,http://upload.wikimedia.org/wikipedia/commons/8/81/Pietro_Perugino_cat77c.jpg,http://commons.wikimedia.org/wiki/File:Pietro_Perugino_cat77c.jpg
,Pietro Perugino,pietroperugino,Madonna di Loreta (Battesimo),circa 1507,tempera and oil on panel,17.1 × 36.6 cm (6.7 × 14.4 in),Galleria nazionale dell'Umbria (Perugia)~Paintings of the baptism of Jesus Christ~Oil paintings of people~1500s paintings in Italy~16th-century paintings of the baptism of Jesus Christ~Tempera on panel~16th-century oil on canvas paintings in Italy,images/ pietroperugino_00000098.jpg,http://upload.wikimedia.org/wikipedia/commons/8/81/Pietro_Perugino_cat77c.jpg,http://commons.wikimedia.org/wiki/File:Pietro_Perugino_cat77c.jpg
,John Frederick Lewis,johnlewis,A Young Turkish Woman,between 1841 and 1851,"""Watercolor, white gouache, black chalk and graphite on medium, slightly textured, cream wove paper mounted on heavy card""",Height:  422 mm (16.61 in). Width:  283 mm (11.14 in).,John Frederick Lewis~1840s watercolor paintings~Ottoman Turks in art~Paintings of standing women~Orientalist portrait paintings,images/ johnlewis_00000099.jpg,http://upload.wikimedia.org/wikipedia/commons/4/42/John_Frederick_Lewis_-_A_Young_Turkish_Woman_-_Google_Art_Project.jpg,http://commons.wikimedia.org/wiki/File:John_Frederick_Lewis_-_A_Young_Turkish_Woman_-_Google_Art_Project.jpg
,John Frederick Lewis,johnlewis,A Young Turkish Woman,between 1841 and 1851,"""Watercolor, white gouache, black chalk and graphite on medium, slightly textured, cream wove paper mounted on heavy card""",Height:  422 mm (16.61 in). Width:  283 mm (11.14 in).,John Frederick Lewis~1840s watercolor paintings~Ottoman Turks in art~Paintings of standing women~Orientalist portrait paintings,images/ johnlewis_00000100.jpg,http://upload.wikimedia.org/wikipedia/commons/4/42/John_Frederick_Lewis_-_A_Young_Turkish_Woman_-_Google_Art_Project.jpg,http://commons.wikimedia.org/wiki/File:John_Frederick_Lewis_-_A_Young_Turkish_Woman_-_Google_Art_Project.jpg
taken with camera,Paul Gauguin,paulgauguin,Tahitian: Parahi te marae There is the Temple,1892,watercolor over graphite on japan paper,18.5 × 22.9 cm (7.3 × 9 in),Polynesia by Paul Gauguin~Society Islands marae~Post-Impressionist landscape paintings~1892 paintings~Paintings by Paul Gauguin in the Fogg Museum~Watercolor paintings of landscapes~1890s paintings by Paul Gauguin,images/ paulgauguin_00000101.jpg,http://upload.wikimedia.org/wikipedia/commons/6/6b/Paul_Gauguin_-_Parahi_te_marae.jpg,http://commons.wikimedia.org/wiki/File:Paul_Gauguin_-_Parahi_te_marae.jpg
taken with camera,Paul Gauguin,paulgauguin,Tahitian: Parahi te marae There is the Temple,1892,watercolor over graphite on japan paper,18.5 × 22.9 cm (7.3 × 9 in),Polynesia by Paul Gauguin~Society Islands marae~Post-Impressionist landscape paintings~1892 paintings~Paintings by Paul Gauguin in the Fogg Museum~Watercolor paintings of landscapes~1890s paintings by Paul Gauguin,images/ paulgauguin_00000102.jpg,http://upload.wikimedia.org/wikipedia/commons/6/6b/Paul_Gauguin_-_Parahi_te_marae.jpg,http://commons.wikimedia.org/wiki/File:Paul_Gauguin_-_Parahi_te_marae.jpg
taken with camera,José Ferraz de Almeida Júnior,josejúnior, English: Reading Português: Leitura,1892,oil on canvas,95 × 141 cm (37.4 × 55.5 in),1892 paintings~Academic paintings in Brazil~Paintings by Almeida Júnior in the Pinacoteca do Estado de São Paulo~Females reading in art~Oil paintings of females~Genre paintings by Almeida Júnior~Paintings of women reading in chairs outdoors~Female long hair in art~1890s paintings by Almeida Júnior,images/ josejúnior_00000103.jpg,http://upload.wikimedia.org/wikipedia/commons/5/5f/Leitura_by_Jose_Ferraz_de_Almeida_J%C3%BAnior_1892.jpg,http://commons.wikimedia.org/wiki/File:Leitura_by_Jose_Ferraz_de_Almeida_J%C3%BAnior_1892.jpg
taken with camera,José Ferraz de Almeida Júnior,josejúnior, English: Reading Português: Leitura,1892,oil on canvas,95 × 141 cm (37.4 × 55.5 in),1892 paintings~Academic paintings in Brazil~Paintings by Almeida Júnior in the Pinacoteca do Estado de São Paulo~Females reading in art~Oil paintings of females~Genre paintings by Almeida Júnior~Paintings of women reading in chairs outdoors~Female long hair in art~1890s paintings by Almeida Júnior,images/ josejúnior_00000104.jpg,http://upload.wikimedia.org/wikipedia/commons/5/5f/Leitura_by_Jose_Ferraz_de_Almeida_J%C3%BAnior_1892.jpg,http://commons.wikimedia.org/wiki/File:Leitura_by_Jose_Ferraz_de_Almeida_J%C3%BAnior_1892.jpg
,Édouard Manet,edouardmanet, English: The Man with the Dog Français : René Maizeroy au chien,1882," English: Pastel on canvas, prepared with a gray gouache ground",55 × 35 cm (21.7 × 13.8 in),Pastel portrai